{"cameraMode":{"drawMode":0,"name":"Shaded","section":"Shading Mode"},"sceneLighting":true,"audioPlay":false,"sceneViewState":{"m_AlwaysRefresh":false,"showFog":true,"showSkybox":true,"showFlares":true,"showImageEffects":true,"showParticleSystems":true,"showVisualEffectGraphs":true,"m_FxEnabled":true},"in2DMode":false,"pivot":{"x":35.797630310058597,"y":0.9002283811569214,"z":10.456695556640625},"rotation":{"x":-0.014761308208107949,"y":0.9845381379127502,"z":-0.10316193103790283,"w":-0.1409233659505844},"size":7.111627578735352,"orthographic":false}