{"cameraMode":{"drawMode":0,"name":"Shaded","section":"Shading Mode"},"sceneLighting":true,"audioPlay":false,"sceneViewState":{"m_AlwaysRefresh":false,"showFog":true,"showSkybox":true,"showFlares":true,"showImageEffects":true,"showParticleSystems":true,"showVisualEffectGraphs":true,"m_FxEnabled":true},"in2DMode":false,"pivot":{"x":76.70519256591797,"y":3.3888468742370607,"z":67.08464050292969},"rotation":{"x":-0.057869840413331988,"y":-0.4394378066062927,"z":0.028383450582623483,"w":-0.8959617614746094},"size":7.9435906410217289,"orthographic":false}