{"cameraMode":{"drawMode":0,"name":"Shaded","section":"Shading Mode"},"sceneLighting":true,"audioPlay":false,"sceneViewState":{"m_AlwaysRefresh":false,"showFog":true,"showSkybox":true,"showFlares":true,"showImageEffects":true,"showParticleSystems":true,"showVisualEffectGraphs":true,"m_FxEnabled":true},"in2DMode":false,"pivot":{"x":51.187015533447269,"y":6.036044597625732,"z":16.418594360351564},"rotation":{"x":0.14078669250011445,"y":-0.16988442838191987,"z":0.024529432877898217,"w":0.975049614906311},"size":4.816386699676514,"orthographic":false}